ContractName,Date,OpenSharePrice,HighSharePrice,LowSharePrice,CloseSharePrice,TradeVolume
DeSantis,7/25/2024 12:00:00 AM,$0.01,$0.01,$0.01,$0.01,33
Trump,7/25/2024 12:00:00 AM,$0.57,$0.58,$0.56,$0.56,45668
Biden,7/25/2024 12:00:00 AM,$0.01,$0.01,$0.01,$0.01,7886
Harris,7/25/2024 12:00:00 AM,$0.45,$0.46,$0.43,$0.46,64431
Buttigieg,7/25/2024 12:00:00 AM,$0.01,$0.01,$0.01,$0.01,785
Newsom,7/25/2024 12:00:00 AM,$0.02,$0.02,$0.01,$0.02,24556
Ramaswamy,7/25/2024 12:00:00 AM,$0.01,$0.01,$0.01,$0.01,0
Scott,7/25/2024 12:00:00 AM,$0.01,$0.01,$0.01,$0.01,0
RFK Jr.,7/25/2024 12:00:00 AM,$0.02,$0.03,$0.02,$0.02,6540
Haley,7/25/2024 12:00:00 AM,$0.01,$0.01,$0.01,$0.01,898
DeSantis,7/26/2024 12:00:00 AM,$0.01,$0.01,$0.01,$0.01,4528
Trump,7/26/2024 12:00:00 AM,$0.56,$0.57,$0.53,$0.53,53484
Biden,7/26/2024 12:00:00 AM,$0.01,$0.01,$0.01,$0.01,39894
Harris,7/26/2024 12:00:00 AM,$0.46,$0.50,$0.45,$0.50,70523
Buttigieg,7/26/2024 12:00:00 AM,$0.01,$0.01,$0.01,$0.01,7578
Newsom,7/26/2024 12:00:00 AM,$0.02,$0.02,$0.01,$0.01,6362
Ramaswamy,7/26/2024 12:00:00 AM,$0.01,$0.01,$0.01,$0.01,841
Scott,7/26/2024 12:00:00 AM,$0.01,$0.01,$0.01,$0.01,1091
RFK Jr.,7/26/2024 12:00:00 AM,$0.02,$0.03,$0.02,$0.02,16315
Haley,7/26/2024 12:00:00 AM,$0.01,$0.01,$0.01,$0.01,8991
DeSantis,7/27/2024 12:00:00 AM,$0.01,$0.01,$0.01,$0.01,5
Trump,7/27/2024 12:00:00 AM,$0.53,$0.54,$0.52,$0.54,42377
Biden,7/27/2024 12:00:00 AM,$0.01,$0.01,$0.01,$0.01,5956
Harris,7/27/2024 12:00:00 AM,$0.50,$0.50,$0.48,$0.48,62155
Buttigieg,7/27/2024 12:00:00 AM,$0.01,$0.01,$0.01,$0.01,1001
Newsom,7/27/2024 12:00:00 AM,$0.01,$0.02,$0.01,$0.02,7609
Ramaswamy,7/27/2024 12:00:00 AM,$0.01,$0.01,$0.01,$0.01,4
Scott,7/27/2024 12:00:00 AM,$0.01,$0.01,$0.01,$0.01,0
RFK Jr.,7/27/2024 12:00:00 AM,$0.02,$0.03,$0.02,$0.02,1096
Haley,7/27/2024 12:00:00 AM,$0.01,$0.01,$0.01,$0.01,845
DeSantis,7/28/2024 12:00:00 AM,$0.01,$0.01,$0.01,$0.01,634
Trump,7/28/2024 12:00:00 AM,$0.54,$0.54,$0.52,$0.54,41008
Biden,7/28/2024 12:00:00 AM,$0.01,$0.01,$0.01,$0.01,717
Harris,7/28/2024 12:00:00 AM,$0.48,$0.50,$0.48,$0.49,41447
Buttigieg,7/28/2024 12:00:00 AM,$0.01,$0.01,$0.01,$0.01,35002
Newsom,7/28/2024 12:00:00 AM,$0.02,$0.02,$0.01,$0.01,2514
Ramaswamy,7/28/2024 12:00:00 AM,$0.01,$0.01,$0.01,$0.01,0
Scott,7/28/2024 12:00:00 AM,$0.01,$0.01,$0.01,$0.01,0
RFK Jr.,7/28/2024 12:00:00 AM,$0.02,$0.03,$0.02,$0.03,959
Haley,7/28/2024 12:00:00 AM,$0.01,$0.01,$0.01,$0.01,555
DeSantis,7/29/2024 12:00:00 AM,$0.01,$0.01,$0.01,$0.01,558
Trump,7/29/2024 12:00:00 AM,$0.54,$0.54,$0.53,$0.53,38274
Biden,7/29/2024 12:00:00 AM,$0.01,$0.01,$0.01,$0.01,5773
Harris,7/29/2024 12:00:00 AM,$0.49,$0.50,$0.49,$0.49,40945
Buttigieg,7/29/2024 12:00:00 AM,$0.01,$0.01,$0.01,$0.01,1600
Newsom,7/29/2024 12:00:00 AM,$0.01,$0.02,$0.01,$0.02,40207
Ramaswamy,7/29/2024 12:00:00 AM,$0.01,$0.01,$0.01,$0.01,0
Scott,7/29/2024 12:00:00 AM,$0.01,$0.01,$0.01,$0.01,0
RFK Jr.,7/29/2024 12:00:00 AM,$0.03,$0.03,$0.02,$0.02,2681
Haley,7/29/2024 12:00:00 AM,$0.01,$0.01,$0.01,$0.01,951
DeSantis,7/30/2024 12:00:00 AM,$0.01,$0.01,$0.01,$0.01,563
Trump,7/30/2024 12:00:00 AM,$0.53,$0.54,$0.52,$0.53,58262
Biden,7/30/2024 12:00:00 AM,$0.01,$0.01,$0.01,$0.01,2265
Harris,7/30/2024 12:00:00 AM,$0.49,$0.50,$0.47,$0.49,51452
Buttigieg,7/30/2024 12:00:00 AM,$0.01,$0.01,$0.01,$0.01,8500
Newsom,7/30/2024 12:00:00 AM,$0.02,$0.02,$0.01,$0.01,5504
Ramaswamy,7/30/2024 12:00:00 AM,$0.01,$0.01,$0.01,$0.01,0
Scott,7/30/2024 12:00:00 AM,$0.01,$0.01,$0.01,$0.01,0
RFK Jr.,7/30/2024 12:00:00 AM,$0.02,$0.03,$0.01,$0.02,36448
Haley,7/30/2024 12:00:00 AM,$0.01,$0.01,$0.01,$0.01,0
DeSantis,7/31/2024 12:00:00 AM,$0.01,$0.01,$0.01,$0.01,85
Trump,7/31/2024 12:00:00 AM,$0.53,$0.53,$0.49,$0.49,102649
Biden,7/31/2024 12:00:00 AM,$0.01,$0.01,$0.01,$0.01,6628
Harris,7/31/2024 12:00:00 AM,$0.49,$0.53,$0.48,$0.53,113351
Buttigieg,7/31/2024 12:00:00 AM,$0.01,$0.01,$0.01,$0.01,1716
Newsom,7/31/2024 12:00:00 AM,$0.01,$0.02,$0.01,$0.01,8259
Ramaswamy,7/31/2024 12:00:00 AM,$0.01,$0.01,$0.01,$0.01,0
Scott,7/31/2024 12:00:00 AM,$0.01,$0.01,$0.01,$0.01,0
RFK Jr.,7/31/2024 12:00:00 AM,$0.02,$0.03,$0.01,$0.01,8970
Haley,7/31/2024 12:00:00 AM,$0.01,$0.01,$0.01,$0.01,7483
DeSantis,8/1/2024 12:00:00 AM,$0.01,$0.01,$0.01,$0.01,2108
Trump,8/1/2024 12:00:00 AM,$0.49,$0.50,$0.49,$0.49,82393
Biden,8/1/2024 12:00:00 AM,$0.01,$0.01,$0.01,$0.01,5817
Harris,8/1/2024 12:00:00 AM,$0.53,$0.55,$0.51,$0.54,90384
Buttigieg,8/1/2024 12:00:00 AM,$0.01,$0.01,$0.01,$0.01,9
Newsom,8/1/2024 12:00:00 AM,$0.01,$0.02,$0.01,$0.01,9628
Ramaswamy,8/1/2024 12:00:00 AM,$0.01,$0.01,$0.01,$0.01,881
Scott,8/1/2024 12:00:00 AM,$0.01,$0.01,$0.01,$0.01,858
RFK Jr.,8/1/2024 12:00:00 AM,$0.01,$0.02,$0.01,$0.01,3620
Haley,8/1/2024 12:00:00 AM,$0.01,$0.01,$0.01,$0.01,8414
DeSantis,8/2/2024 12:00:00 AM,$0.01,$0.01,$0.01,$0.01,203
Trump,8/2/2024 12:00:00 AM,$0.49,$0.50,$0.49,$0.49,54238
Biden,8/2/2024 12:00:00 AM,$0.01,$0.01,$0.01,$0.01,1291
Harris,8/2/2024 12:00:00 AM,$0.54,$0.55,$0.53,$0.53,67594
Buttigieg,8/2/2024 12:00:00 AM,$0.01,$0.01,$0.01,$0.01,655
Newsom,8/2/2024 12:00:00 AM,$0.01,$0.02,$0.01,$0.01,9514
Ramaswamy,8/2/2024 12:00:00 AM,$0.01,$0.01,$0.01,$0.01,0
Scott,8/2/2024 12:00:00 AM,$0.01,$0.01,$0.01,$0.01,43
RFK Jr.,8/2/2024 12:00:00 AM,$0.01,$0.02,$0.01,$0.01,9761
Haley,8/2/2024 12:00:00 AM,$0.01,$0.02,$0.01,$0.01,199415
DeSantis,8/3/2024 12:00:00 AM,$0.01,$0.01,$0.01,$0.01,2
Trump,8/3/2024 12:00:00 AM,$0.49,$0.51,$0.49,$0.50,35336
Biden,8/3/2024 12:00:00 AM,$0.01,$0.01,$0.01,$0.01,2301
Harris,8/3/2024 12:00:00 AM,$0.53,$0.54,$0.53,$0.53,36346
Buttigieg,8/3/2024 12:00:00 AM,$0.01,$0.01,$0.01,$0.01,2500
Newsom,8/3/2024 12:00:00 AM,$0.01,$0.02,$0.01,$0.01,10947
Ramaswamy,8/3/2024 12:00:00 AM,$0.01,$0.01,$0.01,$0.01,101
Scott,8/3/2024 12:00:00 AM,$0.01,$0.01,$0.01,$0.01,1
RFK Jr.,8/3/2024 12:00:00 AM,$0.01,$0.02,$0.01,$0.01,7597
Haley,8/3/2024 12:00:00 AM,$0.01,$0.02,$0.01,$0.01,11360
DeSantis,8/4/2024 12:00:00 AM,$0.01,$0.01,$0.01,$0.01,0
Trump,8/4/2024 12:00:00 AM,$0.50,$0.51,$0.49,$0.49,31551
Biden,8/4/2024 12:00:00 AM,$0.01,$0.01,$0.01,$0.01,2799
Harris,8/4/2024 12:00:00 AM,$0.53,$0.54,$0.52,$0.53,20738
Buttigieg,8/4/2024 12:00:00 AM,$0.01,$0.01,$0.01,$0.01,0
Newsom,8/4/2024 12:00:00 AM,$0.01,$0.02,$0.01,$0.01,3620
Ramaswamy,8/4/2024 12:00:00 AM,$0.01,$0.01,$0.01,$0.01,0
Scott,8/4/2024 12:00:00 AM,$0.01,$0.01,$0.01,$0.01,0
RFK Jr.,8/4/2024 12:00:00 AM,$0.01,$0.02,$0.01,$0.01,15606
Haley,8/4/2024 12:00:00 AM,$0.01,$0.02,$0.01,$0.01,10653
DeSantis,8/5/2024 12:00:00 AM,$0.01,$0.01,$0.01,$0.01,1075
Trump,8/5/2024 12:00:00 AM,$0.49,$0.52,$0.49,$0.51,66278
Biden,8/5/2024 12:00:00 AM,$0.01,$0.01,$0.01,$0.01,5908
Harris,8/5/2024 12:00:00 AM,$0.53,$0.53,$0.50,$0.53,76629
Buttigieg,8/5/2024 12:00:00 AM,$0.01,$0.01,$0.01,$0.01,391
Newsom,8/5/2024 12:00:00 AM,$0.01,$0.02,$0.01,$0.01,5046
Ramaswamy,8/5/2024 12:00:00 AM,$0.01,$0.01,$0.01,$0.01,0
Scott,8/5/2024 12:00:00 AM,$0.01,$0.01,$0.01,$0.01,0
RFK Jr.,8/5/2024 12:00:00 AM,$0.01,$0.02,$0.01,$0.02,8208
Haley,8/5/2024 12:00:00 AM,$0.01,$0.02,$0.01,$0.01,106354
DeSantis,8/6/2024 12:00:00 AM,$0.01,$0.01,$0.01,$0.01,79
Trump,8/6/2024 12:00:00 AM,$0.51,$0.52,$0.47,$0.48,101650
Biden,8/6/2024 12:00:00 AM,$0.01,$0.01,$0.01,$0.01,2149
Harris,8/6/2024 12:00:00 AM,$0.53,$0.55,$0.52,$0.55,132186
Buttigieg,8/6/2024 12:00:00 AM,$0.01,$0.01,$0.01,$0.01,125
Newsom,8/6/2024 12:00:00 AM,$0.01,$0.02,$0.01,$0.01,7911
Ramaswamy,8/6/2024 12:00:00 AM,$0.01,$0.01,$0.01,$0.01,50
Scott,8/6/2024 12:00:00 AM,$0.01,$0.01,$0.01,$0.01,25
RFK Jr.,8/6/2024 12:00:00 AM,$0.02,$0.02,$0.01,$0.01,14237
Haley,8/6/2024 12:00:00 AM,$0.01,$0.02,$0.01,$0.01,16983
DeSantis,8/7/2024 12:00:00 AM,$0.01,$0.01,$0.01,$0.01,3184
Trump,8/7/2024 12:00:00 AM,$0.48,$0.49,$0.46,$0.47,105749
Biden,8/7/2024 12:00:00 AM,$0.01,$0.01,$0.01,$0.01,6987
Harris,8/7/2024 12:00:00 AM,$0.55,$0.57,$0.54,$0.56,127918
Buttigieg,8/7/2024 12:00:00 AM,$0.01,$0.01,$0.01,$0.01,318
Newsom,8/7/2024 12:00:00 AM,$0.01,$0.01,$0.01,$0.01,24997
Ramaswamy,8/7/2024 12:00:00 AM,$0.01,$0.01,$0.01,$0.01,310
Scott,8/7/2024 12:00:00 AM,$0.01,$0.01,$0.01,$0.01,281
RFK Jr.,8/7/2024 12:00:00 AM,$0.01,$0.02,$0.01,$0.02,11866
Haley,8/7/2024 12:00:00 AM,$0.01,$0.02,$0.01,$0.01,27743
DeSantis,8/8/2024 12:00:00 AM,$0.01,$0.01,$0.01,$0.01,8002
Trump,8/8/2024 12:00:00 AM,$0.47,$0.48,$0.45,$0.46,86550
Biden,8/8/2024 12:00:00 AM,$0.01,$0.01,$0.01,$0.01,73109
Harris,8/8/2024 12:00:00 AM,$0.56,$0.57,$0.55,$0.57,92921
Buttigieg,8/8/2024 12:00:00 AM,$0.01,$0.01,$0.01,$0.01,8
Newsom,8/8/2024 12:00:00 AM,$0.01,$0.01,$0.01,$0.01,21050
Ramaswamy,8/8/2024 12:00:00 AM,$0.01,$0.01,$0.01,$0.01,402
Scott,8/8/2024 12:00:00 AM,$0.01,$0.01,$0.01,$0.01,101
RFK Jr.,8/8/2024 12:00:00 AM,$0.02,$0.02,$0.01,$0.02,42363
Haley,8/8/2024 12:00:00 AM,$0.01,$0.01,$0.01,$0.01,9266
DeSantis,8/9/2024 12:00:00 AM,$0.01,$0.01,$0.01,$0.01,714
Trump,8/9/2024 12:00:00 AM,$0.46,$0.47,$0.45,$0.46,45812
Biden,8/9/2024 12:00:00 AM,$0.01,$0.01,$0.01,$0.01,1888
Harris,8/9/2024 12:00:00 AM,$0.57,$0.58,$0.56,$0.57,44533
Buttigieg,8/9/2024 12:00:00 AM,$0.01,$0.01,$0.01,$0.01,1
Newsom,8/9/2024 12:00:00 AM,$0.01,$0.01,$0.01,$0.01,42
Ramaswamy,8/9/2024 12:00:00 AM,$0.01,$0.01,$0.01,$0.01,200
Scott,8/9/2024 12:00:00 AM,$0.01,$0.01,$0.01,$0.01,200
RFK Jr.,8/9/2024 12:00:00 AM,$0.02,$0.03,$0.01,$0.03,45544
Haley,8/9/2024 12:00:00 AM,$0.01,$0.02,$0.01,$0.01,18872
DeSantis,8/10/2024 12:00:00 AM,$0.01,$0.01,$0.01,$0.01,5000
Trump,8/10/2024 12:00:00 AM,$0.46,$0.47,$0.44,$0.44,57008
Biden,8/10/2024 12:00:00 AM,$0.01,$0.01,$0.01,$0.01,1788
Harris,8/10/2024 12:00:00 AM,$0.57,$0.59,$0.56,$0.57,58848
Buttigieg,8/10/2024 12:00:00 AM,$0.01,$0.01,$0.01,$0.01,50
Newsom,8/10/2024 12:00:00 AM,$0.01,$0.01,$0.01,$0.01,633
Ramaswamy,8/10/2024 12:00:00 AM,$0.01,$0.01,$0.01,$0.01,0
Scott,8/10/2024 12:00:00 AM,$0.01,$0.01,$0.01,$0.01,0
RFK Jr.,8/10/2024 12:00:00 AM,$0.03,$0.03,$0.01,$0.02,9540
Haley,8/10/2024 12:00:00 AM,$0.01,$0.02,$0.01,$0.02,9145
DeSantis,8/11/2024 12:00:00 AM,$0.01,$0.01,$0.01,$0.01,0
Trump,8/11/2024 12:00:00 AM,$0.44,$0.45,$0.43,$0.44,43430
Biden,8/11/2024 12:00:00 AM,$0.01,$0.01,$0.01,$0.01,696
Harris,8/11/2024 12:00:00 AM,$0.57,$0.60,$0.57,$0.59,47641
Buttigieg,8/11/2024 12:00:00 AM,$0.01,$0.01,$0.01,$0.01,0
Newsom,8/11/2024 12:00:00 AM,$0.01,$0.01,$0.01,$0.01,3
Ramaswamy,8/11/2024 12:00:00 AM,$0.01,$0.01,$0.01,$0.01,0
Scott,8/11/2024 12:00:00 AM,$0.01,$0.01,$0.01,$0.01,0
RFK Jr.,8/11/2024 12:00:00 AM,$0.02,$0.03,$0.01,$0.02,3775
Haley,8/11/2024 12:00:00 AM,$0.02,$0.02,$0.01,$0.01,5799
DeSantis,8/12/2024 12:00:00 AM,$0.01,$0.01,$0.01,$0.01,0
Trump,8/12/2024 12:00:00 AM,$0.44,$0.45,$0.43,$0.43,50993
Biden,8/12/2024 12:00:00 AM,$0.01,$0.01,$0.01,$0.01,1310
Harris,8/12/2024 12:00:00 AM,$0.59,$0.60,$0.58,$0.59,43532
Buttigieg,8/12/2024 12:00:00 AM,$0.01,$0.01,$0.01,$0.01,0
Newsom,8/12/2024 12:00:00 AM,$0.01,$0.01,$0.01,$0.01,167
Ramaswamy,8/12/2024 12:00:00 AM,$0.01,$0.01,$0.01,$0.01,0
Scott,8/12/2024 12:00:00 AM,$0.01,$0.01,$0.01,$0.01,0
RFK Jr.,8/12/2024 12:00:00 AM,$0.02,$0.03,$0.01,$0.02,4605
Haley,8/12/2024 12:00:00 AM,$0.01,$0.02,$0.01,$0.01,2276
DeSantis,8/13/2024 12:00:00 AM,$0.01,$0.01,$0.01,$0.01,4575
Trump,8/13/2024 12:00:00 AM,$0.43,$0.45,$0.43,$0.45,40970
Biden,8/13/2024 12:00:00 AM,$0.01,$0.01,$0.01,$0.01,3651
Harris,8/13/2024 12:00:00 AM,$0.59,$0.60,$0.58,$0.58,39095
Buttigieg,8/13/2024 12:00:00 AM,$0.01,$0.01,$0.01,$0.01,150
Newsom,8/13/2024 12:00:00 AM,$0.01,$0.01,$0.01,$0.01,1218
Ramaswamy,8/13/2024 12:00:00 AM,$0.01,$0.01,$0.01,$0.01,250
Scott,8/13/2024 12:00:00 AM,$0.01,$0.01,$0.01,$0.01,0
RFK Jr.,8/13/2024 12:00:00 AM,$0.02,$0.03,$0.01,$0.01,2401
Haley,8/13/2024 12:00:00 AM,$0.01,$0.02,$0.01,$0.01,18726
DeSantis,8/14/2024 12:00:00 AM,$0.01,$0.01,$0.01,$0.01,0
Trump,8/14/2024 12:00:00 AM,$0.45,$0.45,$0.44,$0.45,35416
Biden,8/14/2024 12:00:00 AM,$0.01,$0.01,$0.01,$0.01,450
Harris,8/14/2024 12:00:00 AM,$0.58,$0.59,$0.57,$0.57,35271
Buttigieg,8/14/2024 12:00:00 AM,$0.01,$0.01,$0.01,$0.01,0
Newsom,8/14/2024 12:00:00 AM,$0.01,$0.01,$0.01,$0.01,6
Ramaswamy,8/14/2024 12:00:00 AM,$0.01,$0.01,$0.01,$0.01,0
Scott,8/14/2024 12:00:00 AM,$0.01,$0.01,$0.01,$0.01,0
RFK Jr.,8/14/2024 12:00:00 AM,$0.01,$0.02,$0.01,$0.02,681
Haley,8/14/2024 12:00:00 AM,$0.01,$0.02,$0.01,$0.01,27318
DeSantis,8/15/2024 12:00:00 AM,$0.01,$0.01,$0.01,$0.01,100
Trump,8/15/2024 12:00:00 AM,$0.45,$0.46,$0.44,$0.46,50427
Biden,8/15/2024 12:00:00 AM,$0.01,$0.01,$0.01,$0.01,1740
Harris,8/15/2024 12:00:00 AM,$0.57,$0.58,$0.57,$0.57,19861
Buttigieg,8/15/2024 12:00:00 AM,$0.01,$0.01,$0.01,$0.01,50
Newsom,8/15/2024 12:00:00 AM,$0.01,$0.01,$0.01,$0.01,11
Ramaswamy,8/15/2024 12:00:00 AM,$0.01,$0.01,$0.01,$0.01,0
Scott,8/15/2024 12:00:00 AM,$0.01,$0.01,$0.01,$0.01,0
RFK Jr.,8/15/2024 12:00:00 AM,$0.02,$0.02,$0.01,$0.02,10405
Haley,8/15/2024 12:00:00 AM,$0.01,$0.02,$0.01,$0.01,9243
DeSantis,8/16/2024 12:00:00 AM,$0.01,$0.01,$0.01,$0.01,200
Trump,8/16/2024 12:00:00 AM,$0.46,$0.46,$0.44,$0.46,39425
Biden,8/16/2024 12:00:00 AM,$0.01,$0.01,$0.01,$0.01,4065
Harris,8/16/2024 12:00:00 AM,$0.57,$0.58,$0.57,$0.57,26726
Buttigieg,8/16/2024 12:00:00 AM,$0.01,$0.01,$0.01,$0.01,0
Newsom,8/16/2024 12:00:00 AM,$0.01,$0.01,$0.01,$0.01,1628
Ramaswamy,8/16/2024 12:00:00 AM,$0.01,$0.01,$0.01,$0.01,100
Scott,8/16/2024 12:00:00 AM,$0.01,$0.01,$0.01,$0.01,600
RFK Jr.,8/16/2024 12:00:00 AM,$0.02,$0.03,$0.01,$0.01,1035
Haley,8/16/2024 12:00:00 AM,$0.01,$0.02,$0.01,$0.01,4486
DeSantis,8/17/2024 12:00:00 AM,$0.01,$0.01,$0.01,$0.01,0
Trump,8/17/2024 12:00:00 AM,$0.46,$0.46,$0.44,$0.46,28359
Biden,8/17/2024 12:00:00 AM,$0.01,$0.01,$0.01,$0.01,22
Harris,8/17/2024 12:00:00 AM,$0.57,$0.58,$0.57,$0.57,23553
Buttigieg,8/17/2024 12:00:00 AM,$0.01,$0.01,$0.01,$0.01,0
Newsom,8/17/2024 12:00:00 AM,$0.01,$0.01,$0.01,$0.01,0
Ramaswamy,8/17/2024 12:00:00 AM,$0.01,$0.01,$0.01,$0.01,0
Scott,8/17/2024 12:00:00 AM,$0.01,$0.01,$0.01,$0.01,0
RFK Jr.,8/17/2024 12:00:00 AM,$0.01,$0.03,$0.01,$0.02,4827
Haley,8/17/2024 12:00:00 AM,$0.01,$0.02,$0.01,$0.02,18835
DeSantis,8/18/2024 12:00:00 AM,$0.01,$0.01,$0.01,$0.01,0
Trump,8/18/2024 12:00:00 AM,$0.46,$0.46,$0.44,$0.46,27541
Biden,8/18/2024 12:00:00 AM,$0.01,$0.01,$0.01,$0.01,200
Harris,8/18/2024 12:00:00 AM,$0.57,$0.58,$0.56,$0.56,111337
Buttigieg,8/18/2024 12:00:00 AM,$0.01,$0.01,$0.01,$0.01,0
Newsom,8/18/2024 12:00:00 AM,$0.01,$0.01,$0.01,$0.01,841
Ramaswamy,8/18/2024 12:00:00 AM,$0.01,$0.01,$0.01,$0.01,0
Scott,8/18/2024 12:00:00 AM,$0.01,$0.01,$0.01,$0.01,0
RFK Jr.,8/18/2024 12:00:00 AM,$0.02,$0.02,$0.01,$0.02,158
Haley,8/18/2024 12:00:00 AM,$0.02,$0.02,$0.01,$0.01,1276
DeSantis,8/19/2024 12:00:00 AM,$0.01,$0.01,$0.01,$0.01,0
Trump,8/19/2024 12:00:00 AM,$0.46,$0.46,$0.45,$0.46,27403
Biden,8/19/2024 12:00:00 AM,$0.01,$0.01,$0.01,$0.01,1729
Harris,8/19/2024 12:00:00 AM,$0.56,$0.58,$0.56,$0.56,45970
Buttigieg,8/19/2024 12:00:00 AM,$0.01,$0.01,$0.01,$0.01,9999
Newsom,8/19/2024 12:00:00 AM,$0.01,$0.01,$0.01,$0.01,2112
Ramaswamy,8/19/2024 12:00:00 AM,$0.01,$0.01,$0.01,$0.01,0
Scott,8/19/2024 12:00:00 AM,$0.01,$0.01,$0.01,$0.01,0
RFK Jr.,8/19/2024 12:00:00 AM,$0.02,$0.02,$0.01,$0.02,8167
Haley,8/19/2024 12:00:00 AM,$0.01,$0.02,$0.01,$0.01,3394
DeSantis,8/20/2024 12:00:00 AM,$0.01,$0.01,$0.01,$0.01,20000
Trump,8/20/2024 12:00:00 AM,$0.46,$0.48,$0.45,$0.48,64958
Biden,8/20/2024 12:00:00 AM,$0.01,$0.01,$0.01,$0.01,1746
Harris,8/20/2024 12:00:00 AM,$0.56,$0.57,$0.56,$0.56,42502
Buttigieg,8/20/2024 12:00:00 AM,$0.01,$0.01,$0.01,$0.01,0
Newsom,8/20/2024 12:00:00 AM,$0.01,$0.01,$0.01,$0.01,0
Ramaswamy,8/20/2024 12:00:00 AM,$0.01,$0.01,$0.01,$0.01,0
Scott,8/20/2024 12:00:00 AM,$0.01,$0.01,$0.01,$0.01,0
RFK Jr.,8/20/2024 12:00:00 AM,$0.02,$0.02,$0.01,$0.01,60420
Haley,8/20/2024 12:00:00 AM,$0.01,$0.02,$0.01,$0.01,22637
DeSantis,8/21/2024 12:00:00 AM,$0.01,$0.01,$0.01,$0.01,0
Trump,8/21/2024 12:00:00 AM,$0.48,$0.51,$0.46,$0.50,84732
Biden,8/21/2024 12:00:00 AM,$0.01,$0.01,$0.01,$0.01,1593
Harris,8/21/2024 12:00:00 AM,$0.56,$0.57,$0.53,$0.53,85427
Buttigieg,8/21/2024 12:00:00 AM,$0.01,$0.01,$0.01,$0.01,0
Newsom,8/21/2024 12:00:00 AM,$0.01,$0.01,$0.01,$0.01,291
Ramaswamy,8/21/2024 12:00:00 AM,$0.01,$0.01,$0.01,$0.01,0
Scott,8/21/2024 12:00:00 AM,$0.01,$0.01,$0.01,$0.01,0
RFK Jr.,8/21/2024 12:00:00 AM,$0.01,$0.02,$0.01,$0.02,60338
Haley,8/21/2024 12:00:00 AM,$0.01,$0.02,$0.01,$0.01,5556
DeSantis,8/22/2024 12:00:00 AM,$0.01,$0.01,$0.01,$0.01,913
Trump,8/22/2024 12:00:00 AM,$0.50,$0.50,$0.48,$0.49,51657
Biden,8/22/2024 12:00:00 AM,$0.01,$0.01,$0.01,$0.01,1916
Harris,8/22/2024 12:00:00 AM,$0.53,$0.54,$0.52,$0.53,56539
Buttigieg,8/22/2024 12:00:00 AM,$0.01,$0.01,$0.01,$0.01,0
Newsom,8/22/2024 12:00:00 AM,$0.01,$0.01,$0.01,$0.01,0
Ramaswamy,8/22/2024 12:00:00 AM,$0.01,$0.01,$0.01,$0.01,885
Scott,8/22/2024 12:00:00 AM,$0.01,$0.01,$0.01,$0.01,1
RFK Jr.,8/22/2024 12:00:00 AM,$0.02,$0.02,$0.01,$0.01,61303
Haley,8/22/2024 12:00:00 AM,$0.01,$0.02,$0.01,$0.02,3160
DeSantis,8/23/2024 12:00:00 AM,$0.01,$0.01,$0.01,$0.01,18961
Trump,8/23/2024 12:00:00 AM,$0.49,$0.49,$0.47,$0.49,61893
Biden,8/23/2024 12:00:00 AM,$0.01,$0.01,$0.01,$0.01,227
Harris,8/23/2024 12:00:00 AM,$0.53,$0.56,$0.53,$0.55,53954
Buttigieg,8/23/2024 12:00:00 AM,$0.01,$0.01,$0.01,$0.01,1004
Newsom,8/23/2024 12:00:00 AM,$0.01,$0.01,$0.01,$0.01,922
Ramaswamy,8/23/2024 12:00:00 AM,$0.01,$0.01,$0.01,$0.01,914
Scott,8/23/2024 12:00:00 AM,$0.01,$0.01,$0.01,$0.01,0
RFK Jr.,8/23/2024 12:00:00 AM,$0.01,$0.01,$0.01,$0.01,2603
Haley,8/23/2024 12:00:00 AM,$0.02,$0.02,$0.01,$0.02,13697
DeSantis,8/24/2024 12:00:00 AM,$0.01,$0.01,$0.01,$0.01,300
Trump,8/24/2024 12:00:00 AM,$0.49,$0.49,$0.48,$0.49,18831
Biden,8/24/2024 12:00:00 AM,$0.01,$0.01,$0.01,$0.01,550
Harris,8/24/2024 12:00:00 AM,$0.55,$0.55,$0.54,$0.54,15783
Buttigieg,8/24/2024 12:00:00 AM,$0.01,$0.01,$0.01,$0.01,0
Newsom,8/24/2024 12:00:00 AM,$0.01,$0.01,$0.01,$0.01,0
Ramaswamy,8/24/2024 12:00:00 AM,$0.01,$0.01,$0.01,$0.01,0
Scott,8/24/2024 12:00:00 AM,$0.01,$0.01,$0.01,$0.01,0
RFK Jr.,8/24/2024 12:00:00 AM,$0.01,$0.01,$0.01,$0.01,1200
Haley,8/24/2024 12:00:00 AM,$0.02,$0.02,$0.01,$0.02,38392
DeSantis,8/25/2024 12:00:00 AM,$0.01,$0.01,$0.01,$0.01,868
Trump,8/25/2024 12:00:00 AM,$0.49,$0.49,$0.48,$0.48,27158
Biden,8/25/2024 12:00:00 AM,$0.01,$0.01,$0.01,$0.01,3167
Harris,8/25/2024 12:00:00 AM,$0.54,$0.56,$0.54,$0.56,29665
Buttigieg,8/25/2024 12:00:00 AM,$0.01,$0.01,$0.01,$0.01,858
Newsom,8/25/2024 12:00:00 AM,$0.01,$0.01,$0.01,$0.01,41693
Ramaswamy,8/25/2024 12:00:00 AM,$0.01,$0.01,$0.01,$0.01,0
Scott,8/25/2024 12:00:00 AM,$0.01,$0.01,$0.01,$0.01,858
RFK Jr.,8/25/2024 12:00:00 AM,$0.01,$0.01,$0.01,$0.01,4538
Haley,8/25/2024 12:00:00 AM,$0.02,$0.02,$0.01,$0.01,3582
DeSantis,8/26/2024 12:00:00 AM,$0.01,$0.01,$0.01,$0.01,1000
Trump,8/26/2024 12:00:00 AM,$0.48,$0.49,$0.47,$0.47,19796
Biden,8/26/2024 12:00:00 AM,$0.01,$0.01,$0.01,$0.01,172
Harris,8/26/2024 12:00:00 AM,$0.56,$0.56,$0.55,$0.55,25636
Buttigieg,8/26/2024 12:00:00 AM,$0.01,$0.01,$0.01,$0.01,0
Newsom,8/26/2024 12:00:00 AM,$0.01,$0.01,$0.01,$0.01,30876
Ramaswamy,8/26/2024 12:00:00 AM,$0.01,$0.01,$0.01,$0.01,0
Scott,8/26/2024 12:00:00 AM,$0.01,$0.01,$0.01,$0.01,0
RFK Jr.,8/26/2024 12:00:00 AM,$0.01,$0.01,$0.01,$0.01,10911
Haley,8/26/2024 12:00:00 AM,$0.01,$0.02,$0.01,$0.01,3348
DeSantis,8/27/2024 12:00:00 AM,$0.01,$0.01,$0.01,$0.01,5416
Trump,8/27/2024 12:00:00 AM,$0.47,$0.48,$0.47,$0.47,22846
Biden,8/27/2024 12:00:00 AM,$0.01,$0.01,$0.01,$0.01,403
Harris,8/27/2024 12:00:00 AM,$0.55,$0.56,$0.55,$0.56,20291
Buttigieg,8/27/2024 12:00:00 AM,$0.01,$0.01,$0.01,$0.01,0
Newsom,8/27/2024 12:00:00 AM,$0.01,$0.01,$0.01,$0.01,25873
Ramaswamy,8/27/2024 12:00:00 AM,$0.01,$0.01,$0.01,$0.01,0
Scott,8/27/2024 12:00:00 AM,$0.01,$0.01,$0.01,$0.01,0
RFK Jr.,8/27/2024 12:00:00 AM,$0.01,$0.01,$0.01,$0.01,6867
Haley,8/27/2024 12:00:00 AM,$0.01,$0.02,$0.01,$0.01,969
DeSantis,8/28/2024 12:00:00 AM,$0.01,$0.01,$0.01,$0.01,50
Trump,8/28/2024 12:00:00 AM,$0.47,$0.48,$0.47,$0.48,19171
Biden,8/28/2024 12:00:00 AM,$0.01,$0.01,$0.01,$0.01,434
Harris,8/28/2024 12:00:00 AM,$0.56,$0.56,$0.54,$0.55,16372
Buttigieg,8/28/2024 12:00:00 AM,$0.01,$0.01,$0.01,$0.01,0
Newsom,8/28/2024 12:00:00 AM,$0.01,$0.01,$0.01,$0.01,100
Ramaswamy,8/28/2024 12:00:00 AM,$0.01,$0.01,$0.01,$0.01,0
Scott,8/28/2024 12:00:00 AM,$0.01,$0.01,$0.01,$0.01,0
RFK Jr.,8/28/2024 12:00:00 AM,$0.01,$0.01,$0.01,$0.01,1
Haley,8/28/2024 12:00:00 AM,$0.01,$0.02,$0.01,$0.02,1473
DeSantis,8/29/2024 12:00:00 AM,$0.01,$0.01,$0.01,$0.01,40
Trump,8/29/2024 12:00:00 AM,$0.48,$0.49,$0.47,$0.49,35266
Biden,8/29/2024 12:00:00 AM,$0.01,$0.01,$0.01,$0.01,1153
Harris,8/29/2024 12:00:00 AM,$0.55,$0.56,$0.54,$0.54,23890
Buttigieg,8/29/2024 12:00:00 AM,$0.01,$0.01,$0.01,$0.01,0
Newsom,8/29/2024 12:00:00 AM,$0.01,$0.01,$0.01,$0.01,4
Ramaswamy,8/29/2024 12:00:00 AM,$0.01,$0.01,$0.01,$0.01,0
Scott,8/29/2024 12:00:00 AM,$0.01,$0.01,$0.01,$0.01,0
RFK Jr.,8/29/2024 12:00:00 AM,$0.01,$0.01,$0.01,$0.01,100
Haley,8/29/2024 12:00:00 AM,$0.02,$0.02,$0.01,$0.01,599
DeSantis,8/30/2024 12:00:00 AM,$0.01,$0.01,$0.01,$0.01,100
Trump,8/30/2024 12:00:00 AM,$0.49,$0.49,$0.47,$0.49,16198
Biden,8/30/2024 12:00:00 AM,$0.01,$0.01,$0.01,$0.01,1103
Harris,8/30/2024 12:00:00 AM,$0.54,$0.55,$0.54,$0.55,18912
Buttigieg,8/30/2024 12:00:00 AM,$0.01,$0.01,$0.01,$0.01,0
Newsom,8/30/2024 12:00:00 AM,$0.01,$0.01,$0.01,$0.01,38100
Ramaswamy,8/30/2024 12:00:00 AM,$0.01,$0.01,$0.01,$0.01,0
Scott,8/30/2024 12:00:00 AM,$0.01,$0.01,$0.01,$0.01,0
RFK Jr.,8/30/2024 12:00:00 AM,$0.01,$0.01,$0.01,$0.01,1
Haley,8/30/2024 12:00:00 AM,$0.01,$0.02,$0.01,$0.01,856
DeSantis,8/31/2024 12:00:00 AM,$0.01,$0.01,$0.01,$0.01,0
Trump,8/31/2024 12:00:00 AM,$0.49,$0.49,$0.47,$0.49,12770
Biden,8/31/2024 12:00:00 AM,$0.01,$0.01,$0.01,$0.01,0
Harris,8/31/2024 12:00:00 AM,$0.55,$0.56,$0.54,$0.55,10594
Buttigieg,8/31/2024 12:00:00 AM,$0.01,$0.01,$0.01,$0.01,0
Newsom,8/31/2024 12:00:00 AM,$0.01,$0.01,$0.01,$0.01,37232
Ramaswamy,8/31/2024 12:00:00 AM,$0.01,$0.01,$0.01,$0.01,0
Scott,8/31/2024 12:00:00 AM,$0.01,$0.01,$0.01,$0.01,0
RFK Jr.,8/31/2024 12:00:00 AM,$0.01,$0.01,$0.01,$0.01,0
Haley,8/31/2024 12:00:00 AM,$0.01,$0.02,$0.01,$0.01,5649
DeSantis,9/1/2024 12:00:00 AM,$0.01,$0.01,$0.01,$0.01,0
Trump,9/1/2024 12:00:00 AM,$0.49,$0.49,$0.47,$0.48,13403
Biden,9/1/2024 12:00:00 AM,$0.01,$0.01,$0.01,$0.01,0
Harris,9/1/2024 12:00:00 AM,$0.55,$0.56,$0.54,$0.55,15942
Buttigieg,9/1/2024 12:00:00 AM,$0.01,$0.01,$0.01,$0.01,0
Newsom,9/1/2024 12:00:00 AM,$0.01,$0.02,$0.01,$0.01,461
Ramaswamy,9/1/2024 12:00:00 AM,$0.01,$0.01,$0.01,$0.01,0
Scott,9/1/2024 12:00:00 AM,$0.01,$0.01,$0.01,$0.01,0
RFK Jr.,9/1/2024 12:00:00 AM,$0.01,$0.01,$0.01,$0.01,0
Haley,9/1/2024 12:00:00 AM,$0.01,$0.02,$0.01,$0.01,641
DeSantis,9/2/2024 12:00:00 AM,$0.01,$0.01,$0.01,$0.01,0
Trump,9/2/2024 12:00:00 AM,$0.48,$0.49,$0.47,$0.48,12171
Biden,9/2/2024 12:00:00 AM,$0.01,$0.01,$0.01,$0.01,87
Harris,9/2/2024 12:00:00 AM,$0.55,$0.56,$0.54,$0.54,14946
Buttigieg,9/2/2024 12:00:00 AM,$0.01,$0.01,$0.01,$0.01,0
Newsom,9/2/2024 12:00:00 AM,$0.01,$0.02,$0.01,$0.01,4330
Ramaswamy,9/2/2024 12:00:00 AM,$0.01,$0.01,$0.01,$0.01,0
Scott,9/2/2024 12:00:00 AM,$0.01,$0.01,$0.01,$0.01,0
RFK Jr.,9/2/2024 12:00:00 AM,$0.01,$0.01,$0.01,$0.01,26
Haley,9/2/2024 12:00:00 AM,$0.01,$0.02,$0.01,$0.01,22818
DeSantis,9/3/2024 12:00:00 AM,$0.01,$0.01,$0.01,$0.01,1
Trump,9/3/2024 12:00:00 AM,$0.48,$0.49,$0.48,$0.48,15583
Biden,9/3/2024 12:00:00 AM,$0.01,$0.01,$0.01,$0.01,151
Harris,9/3/2024 12:00:00 AM,$0.54,$0.56,$0.54,$0.55,16413
Buttigieg,9/3/2024 12:00:00 AM,$0.01,$0.01,$0.01,$0.01,0
Newsom,9/3/2024 12:00:00 AM,$0.01,$0.02,$0.01,$0.01,870
Ramaswamy,9/3/2024 12:00:00 AM,$0.01,$0.01,$0.01,$0.01,0
Scott,9/3/2024 12:00:00 AM,$0.01,$0.01,$0.01,$0.01,0
RFK Jr.,9/3/2024 12:00:00 AM,$0.01,$0.01,$0.01,$0.01,151
Haley,9/3/2024 12:00:00 AM,$0.01,$0.02,$0.01,$0.01,128
DeSantis,9/4/2024 12:00:00 AM,$0.01,$0.01,$0.01,$0.01,0
Trump,9/4/2024 12:00:00 AM,$0.48,$0.49,$0.48,$0.49,19765
Biden,9/4/2024 12:00:00 AM,$0.01,$0.01,$0.01,$0.01,0
Harris,9/4/2024 12:00:00 AM,$0.55,$0.55,$0.53,$0.53,18777
Buttigieg,9/4/2024 12:00:00 AM,$0.01,$0.01,$0.01,$0.01,0
Newsom,9/4/2024 12:00:00 AM,$0.01,$0.01,$0.01,$0.01,12843
Ramaswamy,9/4/2024 12:00:00 AM,$0.01,$0.01,$0.01,$0.01,0
Scott,9/4/2024 12:00:00 AM,$0.01,$0.01,$0.01,$0.01,0
RFK Jr.,9/4/2024 12:00:00 AM,$0.01,$0.01,$0.01,$0.01,4700
Haley,9/4/2024 12:00:00 AM,$0.01,$0.02,$0.01,$0.01,1027
DeSantis,9/5/2024 12:00:00 AM,$0.01,$0.01,$0.01,$0.01,0
Trump,9/5/2024 12:00:00 AM,$0.49,$0.50,$0.48,$0.50,26729
Biden,9/5/2024 12:00:00 AM,$0.01,$0.01,$0.01,$0.01,554
Harris,9/5/2024 12:00:00 AM,$0.53,$0.55,$0.53,$0.53,25032
Buttigieg,9/5/2024 12:00:00 AM,$0.01,$0.01,$0.01,$0.01,0
Newsom,9/5/2024 12:00:00 AM,$0.01,$0.02,$0.01,$0.01,3062
Ramaswamy,9/5/2024 12:00:00 AM,$0.01,$0.01,$0.01,$0.01,0
Scott,9/5/2024 12:00:00 AM,$0.01,$0.01,$0.01,$0.01,0
RFK Jr.,9/5/2024 12:00:00 AM,$0.01,$0.01,$0.01,$0.01,0
Haley,9/5/2024 12:00:00 AM,$0.01,$0.02,$0.01,$0.01,6783
DeSantis,9/6/2024 12:00:00 AM,$0.01,$0.01,$0.01,$0.01,0
Trump,9/6/2024 12:00:00 AM,$0.50,$0.50,$0.49,$0.50,12808
Biden,9/6/2024 12:00:00 AM,$0.01,$0.01,$0.01,$0.01,250
Harris,9/6/2024 12:00:00 AM,$0.53,$0.55,$0.53,$0.55,27932
Buttigieg,9/6/2024 12:00:00 AM,$0.01,$0.01,$0.01,$0.01,0
Newsom,9/6/2024 12:00:00 AM,$0.01,$0.01,$0.01,$0.01,2983
Ramaswamy,9/6/2024 12:00:00 AM,$0.01,$0.01,$0.01,$0.01,0
Scott,9/6/2024 12:00:00 AM,$0.01,$0.01,$0.01,$0.01,0
RFK Jr.,9/6/2024 12:00:00 AM,$0.01,$0.01,$0.01,$0.01,0
Haley,9/6/2024 12:00:00 AM,$0.01,$0.02,$0.01,$0.01,3446
DeSantis,9/7/2024 12:00:00 AM,$0.01,$0.01,$0.01,$0.01,0
Trump,9/7/2024 12:00:00 AM,$0.50,$0.50,$0.48,$0.50,21164
Biden,9/7/2024 12:00:00 AM,$0.01,$0.01,$0.01,$0.01,50
Harris,9/7/2024 12:00:00 AM,$0.55,$0.55,$0.53,$0.54,10743
Buttigieg,9/7/2024 12:00:00 AM,$0.01,$0.01,$0.01,$0.01,0
Newsom,9/7/2024 12:00:00 AM,$0.01,$0.02,$0.01,$0.01,1538
Ramaswamy,9/7/2024 12:00:00 AM,$0.01,$0.01,$0.01,$0.01,0
Scott,9/7/2024 12:00:00 AM,$0.01,$0.01,$0.01,$0.01,0
RFK Jr.,9/7/2024 12:00:00 AM,$0.01,$0.01,$0.01,$0.01,50
Haley,9/7/2024 12:00:00 AM,$0.01,$0.02,$0.01,$0.01,799
DeSantis,9/8/2024 12:00:00 AM,$0.01,$0.01,$0.01,$0.01,0
Trump,9/8/2024 12:00:00 AM,$0.50,$0.50,$0.49,$0.50,24247
Biden,9/8/2024 12:00:00 AM,$0.01,$0.01,$0.01,$0.01,2334
Harris,9/8/2024 12:00:00 AM,$0.54,$0.55,$0.52,$0.52,31778
Buttigieg,9/8/2024 12:00:00 AM,$0.01,$0.01,$0.01,$0.01,9
Newsom,9/8/2024 12:00:00 AM,$0.01,$0.02,$0.01,$0.01,3065
Ramaswamy,9/8/2024 12:00:00 AM,$0.01,$0.01,$0.01,$0.01,0
Scott,9/8/2024 12:00:00 AM,$0.01,$0.01,$0.01,$0.01,0
RFK Jr.,9/8/2024 12:00:00 AM,$0.01,$0.01,$0.01,$0.01,0
Haley,9/8/2024 12:00:00 AM,$0.01,$0.02,$0.01,$0.01,1864
DeSantis,9/9/2024 12:00:00 AM,$0.01,$0.01,$0.01,$0.01,0
Trump,9/9/2024 12:00:00 AM,$0.50,$0.53,$0.50,$0.52,60178
Biden,9/9/2024 12:00:00 AM,$0.01,$0.01,$0.01,$0.01,15281
Harris,9/9/2024 12:00:00 AM,$0.52,$0.54,$0.50,$0.53,54171
Buttigieg,9/9/2024 12:00:00 AM,$0.01,$0.01,$0.01,$0.01,0
Newsom,9/9/2024 12:00:00 AM,$0.01,$0.02,$0.01,$0.02,6092
Ramaswamy,9/9/2024 12:00:00 AM,$0.01,$0.01,$0.01,$0.01,0
Scott,9/9/2024 12:00:00 AM,$0.01,$0.01,$0.01,$0.01,0
RFK Jr.,9/9/2024 12:00:00 AM,$0.01,$0.01,$0.01,$0.01,400
Haley,9/9/2024 12:00:00 AM,$0.01,$0.02,$0.01,$0.01,4930
DeSantis,9/10/2024 12:00:00 AM,$0.01,$0.01,$0.01,$0.01,1
Trump,9/10/2024 12:00:00 AM,$0.52,$0.52,$0.46,$0.47,164310
Biden,9/10/2024 12:00:00 AM,$0.01,$0.01,$0.01,$0.01,3191
Harris,9/10/2024 12:00:00 AM,$0.53,$0.57,$0.52,$0.57,143358
Buttigieg,9/10/2024 12:00:00 AM,$0.01,$0.01,$0.01,$0.01,1
Newsom,9/10/2024 12:00:00 AM,$0.02,$0.02,$0.01,$0.01,5422
Ramaswamy,9/10/2024 12:00:00 AM,$0.01,$0.01,$0.01,$0.01,0
Scott,9/10/2024 12:00:00 AM,$0.01,$0.01,$0.01,$0.01,0
RFK Jr.,9/10/2024 12:00:00 AM,$0.01,$0.01,$0.01,$0.01,172
Haley,9/10/2024 12:00:00 AM,$0.01,$0.02,$0.01,$0.01,9489
DeSantis,9/11/2024 12:00:00 AM,$0.01,$0.01,$0.01,$0.01,0
Trump,9/11/2024 12:00:00 AM,$0.47,$0.48,$0.46,$0.47,50106
Biden,9/11/2024 12:00:00 AM,$0.01,$0.01,$0.01,$0.01,1184
Harris,9/11/2024 12:00:00 AM,$0.57,$0.57,$0.55,$0.56,54916
Buttigieg,9/11/2024 12:00:00 AM,$0.01,$0.01,$0.01,$0.01,0
Newsom,9/11/2024 12:00:00 AM,$0.01,$0.01,$0.01,$0.01,0
Ramaswamy,9/11/2024 12:00:00 AM,$0.01,$0.01,$0.01,$0.01,0
Scott,9/11/2024 12:00:00 AM,$0.01,$0.01,$0.01,$0.01,0
RFK Jr.,9/11/2024 12:00:00 AM,$0.01,$0.01,$0.01,$0.01,2511
Haley,9/11/2024 12:00:00 AM,$0.01,$0.01,$0.01,$0.01,51
DeSantis,9/12/2024 12:00:00 AM,$0.01,$0.01,$0.01,$0.01,0
Trump,9/12/2024 12:00:00 AM,$0.47,$0.48,$0.46,$0.47,35627
Biden,9/12/2024 12:00:00 AM,$0.01,$0.01,$0.01,$0.01,1035
Harris,9/12/2024 12:00:00 AM,$0.56,$0.57,$0.55,$0.56,39023
Buttigieg,9/12/2024 12:00:00 AM,$0.01,$0.01,$0.01,$0.01,0
Newsom,9/12/2024 12:00:00 AM,$0.01,$0.01,$0.01,$0.01,929
Ramaswamy,9/12/2024 12:00:00 AM,$0.01,$0.01,$0.01,$0.01,0
Scott,9/12/2024 12:00:00 AM,$0.01,$0.01,$0.01,$0.01,0
RFK Jr.,9/12/2024 12:00:00 AM,$0.01,$0.01,$0.01,$0.01,902
Haley,9/12/2024 12:00:00 AM,$0.01,$0.01,$0.01,$0.01,554
DeSantis,9/13/2024 12:00:00 AM,$0.01,$0.01,$0.01,$0.01,10
Trump,9/13/2024 12:00:00 AM,$0.47,$0.47,$0.46,$0.47,16475
Biden,9/13/2024 12:00:00 AM,$0.01,$0.01,$0.01,$0.01,0
Harris,9/13/2024 12:00:00 AM,$0.56,$0.58,$0.56,$0.57,31370
Buttigieg,9/13/2024 12:00:00 AM,$0.01,$0.01,$0.01,$0.01,0
Newsom,9/13/2024 12:00:00 AM,$0.01,$0.01,$0.01,$0.01,0
Ramaswamy,9/13/2024 12:00:00 AM,$0.01,$0.01,$0.01,$0.01,0
Scott,9/13/2024 12:00:00 AM,$0.01,$0.01,$0.01,$0.01,0
RFK Jr.,9/13/2024 12:00:00 AM,$0.01,$0.01,$0.01,$0.01,0
Haley,9/13/2024 12:00:00 AM,$0.01,$0.01,$0.01,$0.01,200
DeSantis,9/14/2024 12:00:00 AM,$0.01,$0.01,$0.01,$0.01,1128
Trump,9/14/2024 12:00:00 AM,$0.47,$0.47,$0.46,$0.47,12967
Biden,9/14/2024 12:00:00 AM,$0.01,$0.01,$0.01,$0.01,740
Harris,9/14/2024 12:00:00 AM,$0.57,$0.57,$0.56,$0.57,13704
Buttigieg,9/14/2024 12:00:00 AM,$0.01,$0.01,$0.01,$0.01,1000
Newsom,9/14/2024 12:00:00 AM,$0.01,$0.01,$0.01,$0.01,1000
Ramaswamy,9/14/2024 12:00:00 AM,$0.01,$0.01,$0.01,$0.01,0
Scott,9/14/2024 12:00:00 AM,$0.01,$0.01,$0.01,$0.01,0
RFK Jr.,9/14/2024 12:00:00 AM,$0.01,$0.01,$0.01,$0.01,0
Haley,9/14/2024 12:00:00 AM,$0.01,$0.01,$0.01,$0.01,102
DeSantis,9/15/2024 12:00:00 AM,$0.01,$0.01,$0.01,$0.01,219
Trump,9/15/2024 12:00:00 AM,$0.47,$0.47,$0.46,$0.47,26804
Biden,9/15/2024 12:00:00 AM,$0.01,$0.01,$0.01,$0.01,100
Harris,9/15/2024 12:00:00 AM,$0.57,$0.57,$0.56,$0.56,23036
Buttigieg,9/15/2024 12:00:00 AM,$0.01,$0.01,$0.01,$0.01,26
Newsom,9/15/2024 12:00:00 AM,$0.01,$0.01,$0.01,$0.01,25
Ramaswamy,9/15/2024 12:00:00 AM,$0.01,$0.01,$0.01,$0.01,0
Scott,9/15/2024 12:00:00 AM,$0.01,$0.01,$0.01,$0.01,0
RFK Jr.,9/15/2024 12:00:00 AM,$0.01,$0.01,$0.01,$0.01,3
Haley,9/15/2024 12:00:00 AM,$0.01,$0.01,$0.01,$0.01,135
DeSantis,9/16/2024 12:00:00 AM,$0.01,$0.01,$0.01,$0.01,860
Trump,9/16/2024 12:00:00 AM,$0.47,$0.48,$0.46,$0.46,34432
Biden,9/16/2024 12:00:00 AM,$0.01,$0.01,$0.01,$0.01,1566
Harris,9/16/2024 12:00:00 AM,$0.56,$0.58,$0.56,$0.58,26286
Buttigieg,9/16/2024 12:00:00 AM,$0.01,$0.01,$0.01,$0.01,48
Newsom,9/16/2024 12:00:00 AM,$0.01,$0.01,$0.01,$0.01,911
Ramaswamy,9/16/2024 12:00:00 AM,$0.01,$0.01,$0.01,$0.01,0
Scott,9/16/2024 12:00:00 AM,$0.01,$0.01,$0.01,$0.01,0
RFK Jr.,9/16/2024 12:00:00 AM,$0.01,$0.01,$0.01,$0.01,900
Haley,9/16/2024 12:00:00 AM,$0.01,$0.01,$0.01,$0.01,920
DeSantis,9/17/2024 12:00:00 AM,$0.01,$0.01,$0.01,$0.01,4
Trump,9/17/2024 12:00:00 AM,$0.46,$0.47,$0.45,$0.46,25755
Biden,9/17/2024 12:00:00 AM,$0.01,$0.01,$0.01,$0.01,0
Harris,9/17/2024 12:00:00 AM,$0.58,$0.58,$0.56,$0.58,18357
Buttigieg,9/17/2024 12:00:00 AM,$0.01,$0.01,$0.01,$0.01,0
Newsom,9/17/2024 12:00:00 AM,$0.01,$0.01,$0.01,$0.01,5034
Ramaswamy,9/17/2024 12:00:00 AM,$0.01,$0.01,$0.01,$0.01,0
Scott,9/17/2024 12:00:00 AM,$0.01,$0.01,$0.01,$0.01,0
RFK Jr.,9/17/2024 12:00:00 AM,$0.01,$0.01,$0.01,$0.01,1
Haley,9/17/2024 12:00:00 AM,$0.01,$0.01,$0.01,$0.01,13
DeSantis,9/18/2024 12:00:00 AM,$0.01,$0.01,$0.01,$0.01,0
Trump,9/18/2024 12:00:00 AM,$0.46,$0.47,$0.45,$0.45,20390
Biden,9/18/2024 12:00:00 AM,$0.01,$0.01,$0.01,$0.01,1
Harris,9/18/2024 12:00:00 AM,$0.58,$0.58,$0.56,$0.58,20222
Buttigieg,9/18/2024 12:00:00 AM,$0.01,$0.01,$0.01,$0.01,0
Newsom,9/18/2024 12:00:00 AM,$0.01,$0.01,$0.01,$0.01,0
Ramaswamy,9/18/2024 12:00:00 AM,$0.01,$0.01,$0.01,$0.01,0
Scott,9/18/2024 12:00:00 AM,$0.01,$0.01,$0.01,$0.01,0
RFK Jr.,9/18/2024 12:00:00 AM,$0.01,$0.01,$0.01,$0.01,0
Haley,9/18/2024 12:00:00 AM,$0.01,$0.01,$0.01,$0.01,21
DeSantis,9/19/2024 12:00:00 AM,$0.01,$0.01,$0.01,$0.01,18
Trump,9/19/2024 12:00:00 AM,$0.45,$0.46,$0.45,$0.45,26427
Biden,9/19/2024 12:00:00 AM,$0.01,$0.01,$0.01,$0.01,500
Harris,9/19/2024 12:00:00 AM,$0.58,$0.58,$0.57,$0.58,28261
Buttigieg,9/19/2024 12:00:00 AM,$0.01,$0.01,$0.01,$0.01,0
Newsom,9/19/2024 12:00:00 AM,$0.01,$0.01,$0.01,$0.01,921
Ramaswamy,9/19/2024 12:00:00 AM,$0.01,$0.01,$0.01,$0.01,0
Scott,9/19/2024 12:00:00 AM,$0.01,$0.01,$0.01,$0.01,0
RFK Jr.,9/19/2024 12:00:00 AM,$0.01,$0.01,$0.01,$0.01,884
Haley,9/19/2024 12:00:00 AM,$0.01,$0.01,$0.01,$0.01,0
DeSantis,9/20/2024 12:00:00 AM,$0.01,$0.01,$0.01,$0.01,1524
Trump,9/20/2024 12:00:00 AM,$0.45,$0.46,$0.45,$0.45,15431
Biden,9/20/2024 12:00:00 AM,$0.01,$0.01,$0.01,$0.01,0
Harris,9/20/2024 12:00:00 AM,$0.58,$0.58,$0.57,$0.58,23819
Buttigieg,9/20/2024 12:00:00 AM,$0.01,$0.01,$0.01,$0.01,0
Newsom,9/20/2024 12:00:00 AM,$0.01,$0.01,$0.01,$0.01,851
Ramaswamy,9/20/2024 12:00:00 AM,$0.01,$0.01,$0.01,$0.01,0
Scott,9/20/2024 12:00:00 AM,$0.01,$0.01,$0.01,$0.01,0
RFK Jr.,9/20/2024 12:00:00 AM,$0.01,$0.01,$0.01,$0.01,851
Haley,9/20/2024 12:00:00 AM,$0.01,$0.01,$0.01,$0.01,851
DeSantis,9/21/2024 12:00:00 AM,$0.01,$0.01,$0.01,$0.01,0
Trump,9/21/2024 12:00:00 AM,$0.45,$0.46,$0.45,$0.46,12475
Biden,9/21/2024 12:00:00 AM,$0.01,$0.01,$0.01,$0.01,0
Harris,9/21/2024 12:00:00 AM,$0.58,$0.58,$0.57,$0.58,10331
Buttigieg,9/21/2024 12:00:00 AM,$0.01,$0.01,$0.01,$0.01,0
Newsom,9/21/2024 12:00:00 AM,$0.01,$0.01,$0.01,$0.01,0
Ramaswamy,9/21/2024 12:00:00 AM,$0.01,$0.01,$0.01,$0.01,0
Scott,9/21/2024 12:00:00 AM,$0.01,$0.01,$0.01,$0.01,0
RFK Jr.,9/21/2024 12:00:00 AM,$0.01,$0.01,$0.01,$0.01,0
Haley,9/21/2024 12:00:00 AM,$0.01,$0.01,$0.01,$0.01,0
DeSantis,9/22/2024 12:00:00 AM,$0.01,$0.01,$0.01,$0.01,25
Trump,9/22/2024 12:00:00 AM,$0.46,$0.46,$0.45,$0.46,10574
Biden,9/22/2024 12:00:00 AM,$0.01,$0.01,$0.01,$0.01,161
Harris,9/22/2024 12:00:00 AM,$0.58,$0.58,$0.57,$0.57,10958
Buttigieg,9/22/2024 12:00:00 AM,$0.01,$0.01,$0.01,$0.01,0
Newsom,9/22/2024 12:00:00 AM,$0.01,$0.01,$0.01,$0.01,0
Ramaswamy,9/22/2024 12:00:00 AM,$0.01,$0.01,$0.01,$0.01,0
Scott,9/22/2024 12:00:00 AM,$0.01,$0.01,$0.01,$0.01,0
RFK Jr.,9/22/2024 12:00:00 AM,$0.01,$0.01,$0.01,$0.01,0
Haley,9/22/2024 12:00:00 AM,$0.01,$0.01,$0.01,$0.01,0
DeSantis,9/23/2024 12:00:00 AM,$0.01,$0.01,$0.01,$0.01,0
Trump,9/23/2024 12:00:00 AM,$0.46,$0.46,$0.45,$0.46,15465
Biden,9/23/2024 12:00:00 AM,$0.01,$0.01,$0.01,$0.01,0
Harris,9/23/2024 12:00:00 AM,$0.57,$0.59,$0.57,$0.57,25620
Buttigieg,9/23/2024 12:00:00 AM,$0.01,$0.01,$0.01,$0.01,0
Newsom,9/23/2024 12:00:00 AM,$0.01,$0.01,$0.01,$0.01,885
Ramaswamy,9/23/2024 12:00:00 AM,$0.01,$0.01,$0.01,$0.01,0
Scott,9/23/2024 12:00:00 AM,$0.01,$0.01,$0.01,$0.01,0
RFK Jr.,9/23/2024 12:00:00 AM,$0.01,$0.01,$0.01,$0.01,867
Haley,9/23/2024 12:00:00 AM,$0.01,$0.01,$0.01,$0.01,859
DeSantis,9/24/2024 12:00:00 AM,$0.01,$0.01,$0.01,$0.01,100
Trump,9/24/2024 12:00:00 AM,$0.46,$0.47,$0.45,$0.46,22398
Biden,9/24/2024 12:00:00 AM,$0.01,$0.01,$0.01,$0.01,300
Harris,9/24/2024 12:00:00 AM,$0.57,$0.58,$0.57,$0.57,12550
Buttigieg,9/24/2024 12:00:00 AM,$0.01,$0.01,$0.01,$0.01,1908
Newsom,9/24/2024 12:00:00 AM,$0.01,$0.01,$0.01,$0.01,200
Ramaswamy,9/24/2024 12:00:00 AM,$0.01,$0.01,$0.01,$0.01,0
Scott,9/24/2024 12:00:00 AM,$0.01,$0.01,$0.01,$0.01,0
RFK Jr.,9/24/2024 12:00:00 AM,$0.01,$0.01,$0.01,$0.01,0
Haley,9/24/2024 12:00:00 AM,$0.01,$0.01,$0.01,$0.01,0
DeSantis,9/25/2024 12:00:00 AM,$0.01,$0.01,$0.01,$0.01,0
Trump,9/25/2024 12:00:00 AM,$0.46,$0.47,$0.46,$0.46,14717
Biden,9/25/2024 12:00:00 AM,$0.01,$0.01,$0.01,$0.01,0
Harris,9/25/2024 12:00:00 AM,$0.57,$0.58,$0.56,$0.58,24372
Buttigieg,9/25/2024 12:00:00 AM,$0.01,$0.01,$0.01,$0.01,0
Newsom,9/25/2024 12:00:00 AM,$0.01,$0.01,$0.01,$0.01,425
Ramaswamy,9/25/2024 12:00:00 AM,$0.01,$0.01,$0.01,$0.01,0
Scott,9/25/2024 12:00:00 AM,$0.01,$0.01,$0.01,$0.01,0
RFK Jr.,9/25/2024 12:00:00 AM,$0.01,$0.01,$0.01,$0.01,375
Haley,9/25/2024 12:00:00 AM,$0.01,$0.01,$0.01,$0.01,0
DeSantis,9/26/2024 12:00:00 AM,$0.01,$0.01,$0.01,$0.01,0
Trump,9/26/2024 12:00:00 AM,$0.46,$0.48,$0.46,$0.47,28871
Biden,9/26/2024 12:00:00 AM,$0.01,$0.01,$0.01,$0.01,1062
Harris,9/26/2024 12:00:00 AM,$0.58,$0.58,$0.56,$0.56,21281
Buttigieg,9/26/2024 12:00:00 AM,$0.01,$0.01,$0.01,$0.01,1
Newsom,9/26/2024 12:00:00 AM,$0.01,$0.01,$0.01,$0.01,0
Ramaswamy,9/26/2024 12:00:00 AM,$0.01,$0.01,$0.01,$0.01,0
Scott,9/26/2024 12:00:00 AM,$0.01,$0.01,$0.01,$0.01,0
RFK Jr.,9/26/2024 12:00:00 AM,$0.01,$0.01,$0.01,$0.01,904
Haley,9/26/2024 12:00:00 AM,$0.01,$0.01,$0.01,$0.01,1
DeSantis,9/27/2024 12:00:00 AM,$0.01,$0.01,$0.01,$0.01,1
Trump,9/27/2024 12:00:00 AM,$0.47,$0.48,$0.47,$0.48,24835
Biden,9/27/2024 12:00:00 AM,$0.01,$0.01,$0.01,$0.01,0
Harris,9/27/2024 12:00:00 AM,$0.56,$0.57,$0.56,$0.56,18499
Buttigieg,9/27/2024 12:00:00 AM,$0.01,$0.01,$0.01,$0.01,0
Newsom,9/27/2024 12:00:00 AM,$0.01,$0.01,$0.01,$0.01,64
Ramaswamy,9/27/2024 12:00:00 AM,$0.01,$0.01,$0.01,$0.01,0
Scott,9/27/2024 12:00:00 AM,$0.01,$0.01,$0.01,$0.01,0
RFK Jr.,9/27/2024 12:00:00 AM,$0.01,$0.01,$0.01,$0.01,0
Haley,9/27/2024 12:00:00 AM,$0.01,$0.01,$0.01,$0.01,0
DeSantis,9/28/2024 12:00:00 AM,$0.01,$0.01,$0.01,$0.01,0
Trump,9/28/2024 12:00:00 AM,$0.48,$0.48,$0.47,$0.48,12620
Biden,9/28/2024 12:00:00 AM,$0.01,$0.01,$0.01,$0.01,103
Harris,9/28/2024 12:00:00 AM,$0.56,$0.57,$0.56,$0.56,10288
Buttigieg,9/28/2024 12:00:00 AM,$0.01,$0.01,$0.01,$0.01,0
Newsom,9/28/2024 12:00:00 AM,$0.01,$0.01,$0.01,$0.01,0
Ramaswamy,9/28/2024 12:00:00 AM,$0.01,$0.01,$0.01,$0.01,0
Scott,9/28/2024 12:00:00 AM,$0.01,$0.01,$0.01,$0.01,0
RFK Jr.,9/28/2024 12:00:00 AM,$0.01,$0.01,$0.01,$0.01,500
Haley,9/28/2024 12:00:00 AM,$0.01,$0.01,$0.01,$0.01,30
DeSantis,9/29/2024 12:00:00 AM,$0.01,$0.01,$0.01,$0.01,0
Trump,9/29/2024 12:00:00 AM,$0.48,$0.49,$0.47,$0.49,20175
Biden,9/29/2024 12:00:00 AM,$0.01,$0.01,$0.01,$0.01,0
Harris,9/29/2024 12:00:00 AM,$0.56,$0.57,$0.56,$0.56,15255
Buttigieg,9/29/2024 12:00:00 AM,$0.01,$0.01,$0.01,$0.01,0
Newsom,9/29/2024 12:00:00 AM,$0.01,$0.01,$0.01,$0.01,0
Ramaswamy,9/29/2024 12:00:00 AM,$0.01,$0.01,$0.01,$0.01,0
Scott,9/29/2024 12:00:00 AM,$0.01,$0.01,$0.01,$0.01,0
RFK Jr.,9/29/2024 12:00:00 AM,$0.01,$0.01,$0.01,$0.01,15
Haley,9/29/2024 12:00:00 AM,$0.01,$0.01,$0.01,$0.01,0
DeSantis,9/30/2024 12:00:00 AM,$0.01,$0.01,$0.01,$0.01,1716
Trump,9/30/2024 12:00:00 AM,$0.49,$0.49,$0.47,$0.49,13795
Biden,9/30/2024 12:00:00 AM,$0.01,$0.01,$0.01,$0.01,2216
Harris,9/30/2024 12:00:00 AM,$0.56,$0.57,$0.55,$0.55,10001
Buttigieg,9/30/2024 12:00:00 AM,$0.01,$0.01,$0.01,$0.01,1716
Newsom,9/30/2024 12:00:00 AM,$0.01,$0.01,$0.01,$0.01,1865
Ramaswamy,9/30/2024 12:00:00 AM,$0.01,$0.01,$0.01,$0.01,0
Scott,9/30/2024 12:00:00 AM,$0.01,$0.01,$0.01,$0.01,0
RFK Jr.,9/30/2024 12:00:00 AM,$0.01,$0.01,$0.01,$0.01,2306
Haley,9/30/2024 12:00:00 AM,$0.01,$0.01,$0.01,$0.01,1752
DeSantis,10/1/2024 12:00:00 AM,$0.01,$0.01,$0.01,$0.01,0
Trump,10/1/2024 12:00:00 AM,$0.49,$0.49,$0.47,$0.48,23626
Biden,10/1/2024 12:00:00 AM,$0.01,$0.01,$0.01,$0.01,305
Harris,10/1/2024 12:00:00 AM,$0.55,$0.57,$0.55,$0.55,28911
Buttigieg,10/1/2024 12:00:00 AM,$0.01,$0.01,$0.01,$0.01,0
Newsom,10/1/2024 12:00:00 AM,$0.01,$0.01,$0.01,$0.01,26
Ramaswamy,10/1/2024 12:00:00 AM,$0.01,$0.01,$0.01,$0.01,0
Scott,10/1/2024 12:00:00 AM,$0.01,$0.01,$0.01,$0.01,0
RFK Jr.,10/1/2024 12:00:00 AM,$0.01,$0.01,$0.01,$0.01,106
Haley,10/1/2024 12:00:00 AM,$0.01,$0.01,$0.01,$0.01,0
DeSantis,10/2/2024 12:00:00 AM,$0.01,$0.01,$0.01,$0.01,34
Trump,10/2/2024 12:00:00 AM,$0.48,$0.49,$0.48,$0.49,24186
Biden,10/2/2024 12:00:00 AM,$0.01,$0.01,$0.01,$0.01,1860
Harris,10/2/2024 12:00:00 AM,$0.55,$0.56,$0.54,$0.54,26713
Buttigieg,10/2/2024 12:00:00 AM,$0.01,$0.01,$0.01,$0.01,26
Newsom,10/2/2024 12:00:00 AM,$0.01,$0.01,$0.01,$0.01,149
Ramaswamy,10/2/2024 12:00:00 AM,$0.01,$0.01,$0.01,$0.01,25
Scott,10/2/2024 12:00:00 AM,$0.01,$0.01,$0.01,$0.01,0
RFK Jr.,10/2/2024 12:00:00 AM,$0.01,$0.01,$0.01,$0.01,215
Haley,10/2/2024 12:00:00 AM,$0.01,$0.01,$0.01,$0.01,1085
DeSantis,10/3/2024 12:00:00 AM,$0.01,$0.01,$0.01,$0.01,0
Trump,10/3/2024 12:00:00 AM,$0.49,$0.49,$0.48,$0.49,13889
Biden,10/3/2024 12:00:00 AM,$0.01,$0.01,$0.01,$0.01,100
Harris,10/3/2024 12:00:00 AM,$0.54,$0.56,$0.54,$0.55,27630
Buttigieg,10/3/2024 12:00:00 AM,$0.01,$0.01,$0.01,$0.01,0
Newsom,10/3/2024 12:00:00 AM,$0.01,$0.01,$0.01,$0.01,0
Ramaswamy,10/3/2024 12:00:00 AM,$0.01,$0.01,$0.01,$0.01,0
Scott,10/3/2024 12:00:00 AM,$0.01,$0.01,$0.01,$0.01,0
RFK Jr.,10/3/2024 12:00:00 AM,$0.01,$0.01,$0.01,$0.01,0
Haley,10/3/2024 12:00:00 AM,$0.01,$0.01,$0.01,$0.01,0
DeSantis,10/4/2024 12:00:00 AM,$0.01,$0.01,$0.01,$0.01,0
Trump,10/4/2024 12:00:00 AM,$0.49,$0.49,$0.48,$0.49,24065
Biden,10/4/2024 12:00:00 AM,$0.01,$0.01,$0.01,$0.01,2867
Harris,10/4/2024 12:00:00 AM,$0.55,$0.56,$0.54,$0.54,25652
Buttigieg,10/4/2024 12:00:00 AM,$0.01,$0.01,$0.01,$0.01,863
Newsom,10/4/2024 12:00:00 AM,$0.01,$0.01,$0.01,$0.01,1788
Ramaswamy,10/4/2024 12:00:00 AM,$0.01,$0.01,$0.01,$0.01,0
Scott,10/4/2024 12:00:00 AM,$0.01,$0.01,$0.01,$0.01,0
RFK Jr.,10/4/2024 12:00:00 AM,$0.01,$0.01,$0.01,$0.01,1798
Haley,10/4/2024 12:00:00 AM,$0.01,$0.01,$0.01,$0.01,923
DeSantis,10/5/2024 12:00:00 AM,$0.01,$0.01,$0.01,$0.01,17
Trump,10/5/2024 12:00:00 AM,$0.49,$0.50,$0.48,$0.50,22147
Biden,10/5/2024 12:00:00 AM,$0.01,$0.01,$0.01,$0.01,10
Harris,10/5/2024 12:00:00 AM,$0.54,$0.55,$0.54,$0.54,17928
Buttigieg,10/5/2024 12:00:00 AM,$0.01,$0.01,$0.01,$0.01,0
Newsom,10/5/2024 12:00:00 AM,$0.01,$0.01,$0.01,$0.01,0
Ramaswamy,10/5/2024 12:00:00 AM,$0.01,$0.01,$0.01,$0.01,0
Scott,10/5/2024 12:00:00 AM,$0.01,$0.01,$0.01,$0.01,0
RFK Jr.,10/5/2024 12:00:00 AM,$0.01,$0.01,$0.01,$0.01,688
Haley,10/5/2024 12:00:00 AM,$0.01,$0.01,$0.01,$0.01,835
DeSantis,10/6/2024 12:00:00 AM,$0.01,$0.01,$0.01,$0.01,100
Trump,10/6/2024 12:00:00 AM,$0.50,$0.51,$0.49,$0.51,38600
Biden,10/6/2024 12:00:00 AM,$0.01,$0.01,$0.01,$0.01,0
Harris,10/6/2024 12:00:00 AM,$0.54,$0.55,$0.53,$0.53,30525
Buttigieg,10/6/2024 12:00:00 AM,$0.01,$0.01,$0.01,$0.01,0
Newsom,10/6/2024 12:00:00 AM,$0.01,$0.01,$0.01,$0.01,0
Ramaswamy,10/6/2024 12:00:00 AM,$0.01,$0.01,$0.01,$0.01,0
Scott,10/6/2024 12:00:00 AM,$0.01,$0.01,$0.01,$0.01,0
RFK Jr.,10/6/2024 12:00:00 AM,$0.01,$0.01,$0.01,$0.01,0
Haley,10/6/2024 12:00:00 AM,$0.01,$0.01,$0.01,$0.01,0
DeSantis,10/7/2024 12:00:00 AM,$0.01,$0.01,$0.01,$0.01,16
Trump,10/7/2024 12:00:00 AM,$0.51,$0.52,$0.50,$0.51,47063
Biden,10/7/2024 12:00:00 AM,$0.01,$0.01,$0.01,$0.01,450
Harris,10/7/2024 12:00:00 AM,$0.53,$0.54,$0.52,$0.52,47502
Buttigieg,10/7/2024 12:00:00 AM,$0.01,$0.01,$0.01,$0.01,0
Newsom,10/7/2024 12:00:00 AM,$0.01,$0.01,$0.01,$0.01,0
Ramaswamy,10/7/2024 12:00:00 AM,$0.01,$0.01,$0.01,$0.01,0
Scott,10/7/2024 12:00:00 AM,$0.01,$0.01,$0.01,$0.01,0
RFK Jr.,10/7/2024 12:00:00 AM,$0.01,$0.01,$0.01,$0.01,0
Haley,10/7/2024 12:00:00 AM,$0.01,$0.01,$0.01,$0.01,0
DeSantis,10/8/2024 12:00:00 AM,$0.01,$0.01,$0.01,$0.01,1
Trump,10/8/2024 12:00:00 AM,$0.51,$0.52,$0.50,$0.50,40806
Biden,10/8/2024 12:00:00 AM,$0.01,$0.01,$0.01,$0.01,85003
Harris,10/8/2024 12:00:00 AM,$0.52,$0.53,$0.52,$0.52,22656
Buttigieg,10/8/2024 12:00:00 AM,$0.01,$0.01,$0.01,$0.01,0
Newsom,10/8/2024 12:00:00 AM,$0.01,$0.01,$0.01,$0.01,9001
Ramaswamy,10/8/2024 12:00:00 AM,$0.01,$0.01,$0.01,$0.01,0
Scott,10/8/2024 12:00:00 AM,$0.01,$0.01,$0.01,$0.01,0
RFK Jr.,10/8/2024 12:00:00 AM,$0.01,$0.01,$0.01,$0.01,219
Haley,10/8/2024 12:00:00 AM,$0.01,$0.01,$0.01,$0.01,151
DeSantis,10/9/2024 12:00:00 AM,$0.01,$0.01,$0.01,$0.01,0
Trump,10/9/2024 12:00:00 AM,$0.50,$0.52,$0.50,$0.52,64315
Biden,10/9/2024 12:00:00 AM,$0.01,$0.01,$0.01,$0.01,1601
Harris,10/9/2024 12:00:00 AM,$0.52,$0.53,$0.52,$0.52,44099
Buttigieg,10/9/2024 12:00:00 AM,$0.01,$0.01,$0.01,$0.01,0
Newsom,10/9/2024 12:00:00 AM,$0.01,$0.01,$0.01,$0.01,11050
Ramaswamy,10/9/2024 12:00:00 AM,$0.01,$0.01,$0.01,$0.01,0
Scott,10/9/2024 12:00:00 AM,$0.01,$0.01,$0.01,$0.01,0
RFK Jr.,10/9/2024 12:00:00 AM,$0.01,$0.01,$0.01,$0.01,0
Haley,10/9/2024 12:00:00 AM,$0.01,$0.01,$0.01,$0.01,0
DeSantis,10/10/2024 12:00:00 AM,$0.01,$0.01,$0.01,$0.01,1180
Trump,10/10/2024 12:00:00 AM,$0.52,$0.55,$0.51,$0.54,60307
Biden,10/10/2024 12:00:00 AM,$0.01,$0.01,$0.01,$0.01,1168
Harris,10/10/2024 12:00:00 AM,$0.52,$0.53,$0.50,$0.50,62556
Buttigieg,10/10/2024 12:00:00 AM,$0.01,$0.01,$0.01,$0.01,0
Newsom,10/10/2024 12:00:00 AM,$0.01,$0.01,$0.01,$0.01,19633
Ramaswamy,10/10/2024 12:00:00 AM,$0.01,$0.01,$0.01,$0.01,0
Scott,10/10/2024 12:00:00 AM,$0.01,$0.01,$0.01,$0.01,0
RFK Jr.,10/10/2024 12:00:00 AM,$0.01,$0.01,$0.01,$0.01,33
Haley,10/10/2024 12:00:00 AM,$0.01,$0.01,$0.01,$0.01,0
DeSantis,10/11/2024 12:00:00 AM,$0.01,$0.01,$0.01,$0.01,41
Trump,10/11/2024 12:00:00 AM,$0.54,$0.55,$0.53,$0.55,73211
Biden,10/11/2024 12:00:00 AM,$0.01,$0.01,$0.01,$0.01,1683
Harris,10/11/2024 12:00:00 AM,$0.50,$0.52,$0.49,$0.49,56459
Buttigieg,10/11/2024 12:00:00 AM,$0.01,$0.01,$0.01,$0.01,0
Newsom,10/11/2024 12:00:00 AM,$0.01,$0.01,$0.01,$0.01,1230
Ramaswamy,10/11/2024 12:00:00 AM,$0.01,$0.01,$0.01,$0.01,1
Scott,10/11/2024 12:00:00 AM,$0.01,$0.01,$0.01,$0.01,0
RFK Jr.,10/11/2024 12:00:00 AM,$0.01,$0.01,$0.01,$0.01,592
Haley,10/11/2024 12:00:00 AM,$0.01,$0.01,$0.01,$0.01,0
DeSantis,10/12/2024 12:00:00 AM,$0.01,$0.01,$0.01,$0.01,100
Trump,10/12/2024 12:00:00 AM,$0.55,$0.55,$0.54,$0.55,54026
Biden,10/12/2024 12:00:00 AM,$0.01,$0.01,$0.01,$0.01,1484
Harris,10/12/2024 12:00:00 AM,$0.49,$0.50,$0.48,$0.49,35769
Buttigieg,10/12/2024 12:00:00 AM,$0.01,$0.01,$0.01,$0.01,0
Newsom,10/12/2024 12:00:00 AM,$0.01,$0.01,$0.01,$0.01,0
Ramaswamy,10/12/2024 12:00:00 AM,$0.01,$0.01,$0.01,$0.01,0
Scott,10/12/2024 12:00:00 AM,$0.01,$0.01,$0.01,$0.01,100
RFK Jr.,10/12/2024 12:00:00 AM,$0.01,$0.01,$0.01,$0.01,886
Haley,10/12/2024 12:00:00 AM,$0.01,$0.01,$0.01,$0.01,0
DeSantis,10/13/2024 12:00:00 AM,$0.01,$0.01,$0.01,$0.01,1
Trump,10/13/2024 12:00:00 AM,$0.55,$0.55,$0.53,$0.53,30250
Biden,10/13/2024 12:00:00 AM,$0.01,$0.01,$0.01,$0.01,300
Harris,10/13/2024 12:00:00 AM,$0.49,$0.50,$0.49,$0.49,23128
Buttigieg,10/13/2024 12:00:00 AM,$0.01,$0.01,$0.01,$0.01,0
Newsom,10/13/2024 12:00:00 AM,$0.01,$0.02,$0.01,$0.01,864
Ramaswamy,10/13/2024 12:00:00 AM,$0.01,$0.01,$0.01,$0.01,0
Scott,10/13/2024 12:00:00 AM,$0.01,$0.01,$0.01,$0.01,0
RFK Jr.,10/13/2024 12:00:00 AM,$0.01,$0.01,$0.01,$0.01,9
Haley,10/13/2024 12:00:00 AM,$0.01,$0.01,$0.01,$0.01,25
DeSantis,10/14/2024 12:00:00 AM,$0.01,$0.01,$0.01,$0.01,0
Trump,10/14/2024 12:00:00 AM,$0.53,$0.54,$0.53,$0.54,33944
Biden,10/14/2024 12:00:00 AM,$0.01,$0.01,$0.01,$0.01,746
Harris,10/14/2024 12:00:00 AM,$0.49,$0.50,$0.48,$0.49,44226
Buttigieg,10/14/2024 12:00:00 AM,$0.01,$0.01,$0.01,$0.01,0
Newsom,10/14/2024 12:00:00 AM,$0.01,$0.01,$0.01,$0.01,26
Ramaswamy,10/14/2024 12:00:00 AM,$0.01,$0.01,$0.01,$0.01,0
Scott,10/14/2024 12:00:00 AM,$0.01,$0.01,$0.01,$0.01,0
RFK Jr.,10/14/2024 12:00:00 AM,$0.01,$0.01,$0.01,$0.01,0
Haley,10/14/2024 12:00:00 AM,$0.01,$0.01,$0.01,$0.01,25
DeSantis,10/15/2024 12:00:00 AM,$0.01,$0.01,$0.01,$0.01,0
Trump,10/15/2024 12:00:00 AM,$0.54,$0.55,$0.53,$0.54,72172
Biden,10/15/2024 12:00:00 AM,$0.01,$0.01,$0.01,$0.01,1537
Harris,10/15/2024 12:00:00 AM,$0.49,$0.51,$0.49,$0.50,63994
Buttigieg,10/15/2024 12:00:00 AM,$0.01,$0.01,$0.01,$0.01,1
Newsom,10/15/2024 12:00:00 AM,$0.01,$0.01,$0.01,$0.01,0
Ramaswamy,10/15/2024 12:00:00 AM,$0.01,$0.01,$0.01,$0.01,0
Scott,10/15/2024 12:00:00 AM,$0.01,$0.01,$0.01,$0.01,0
RFK Jr.,10/15/2024 12:00:00 AM,$0.01,$0.01,$0.01,$0.01,26
Haley,10/15/2024 12:00:00 AM,$0.01,$0.01,$0.01,$0.01,25
DeSantis,10/16/2024 12:00:00 AM,$0.01,$0.01,$0.01,$0.01,965
Trump,10/16/2024 12:00:00 AM,$0.54,$0.55,$0.53,$0.54,95434
Biden,10/16/2024 12:00:00 AM,$0.01,$0.01,$0.01,$0.01,1159
Harris,10/16/2024 12:00:00 AM,$0.50,$0.51,$0.49,$0.49,68288
Buttigieg,10/16/2024 12:00:00 AM,$0.01,$0.01,$0.01,$0.01,1024
Newsom,10/16/2024 12:00:00 AM,$0.01,$0.01,$0.01,$0.01,2877
Ramaswamy,10/16/2024 12:00:00 AM,$0.01,$0.01,$0.01,$0.01,0
Scott,10/16/2024 12:00:00 AM,$0.01,$0.01,$0.01,$0.01,1
RFK Jr.,10/16/2024 12:00:00 AM,$0.01,$0.01,$0.01,$0.01,1812
Haley,10/16/2024 12:00:00 AM,$0.01,$0.01,$0.01,$0.01,1088
DeSantis,10/17/2024 12:00:00 AM,$0.01,$0.01,$0.01,$0.01,161
Trump,10/17/2024 12:00:00 AM,$0.54,$0.57,$0.53,$0.55,93807
Biden,10/17/2024 12:00:00 AM,$0.01,$0.01,$0.01,$0.01,0
Harris,10/17/2024 12:00:00 AM,$0.49,$0.50,$0.46,$0.48,107180
Buttigieg,10/17/2024 12:00:00 AM,$0.01,$0.01,$0.01,$0.01,0
Newsom,10/17/2024 12:00:00 AM,$0.01,$0.02,$0.01,$0.02,10378
Ramaswamy,10/17/2024 12:00:00 AM,$0.01,$0.01,$0.01,$0.01,0
Scott,10/17/2024 12:00:00 AM,$0.01,$0.01,$0.01,$0.01,0
RFK Jr.,10/17/2024 12:00:00 AM,$0.01,$0.01,$0.01,$0.01,1046
Haley,10/17/2024 12:00:00 AM,$0.01,$0.01,$0.01,$0.01,150
DeSantis,10/18/2024 12:00:00 AM,$0.01,$0.01,$0.01,$0.01,2
Trump,10/18/2024 12:00:00 AM,$0.55,$0.56,$0.55,$0.55,73382
Biden,10/18/2024 12:00:00 AM,$0.01,$0.01,$0.01,$0.01,775
Harris,10/18/2024 12:00:00 AM,$0.48,$0.49,$0.47,$0.48,65491
Buttigieg,10/18/2024 12:00:00 AM,$0.01,$0.01,$0.01,$0.01,6
Newsom,10/18/2024 12:00:00 AM,$0.02,$0.02,$0.01,$0.01,4156
Ramaswamy,10/18/2024 12:00:00 AM,$0.01,$0.01,$0.01,$0.01,1
Scott,10/18/2024 12:00:00 AM,$0.01,$0.01,$0.01,$0.01,1
RFK Jr.,10/18/2024 12:00:00 AM,$0.01,$0.01,$0.01,$0.01,101
Haley,10/18/2024 12:00:00 AM,$0.01,$0.01,$0.01,$0.01,1
DeSantis,10/19/2024 12:00:00 AM,$0.01,$0.01,$0.01,$0.01,0
Trump,10/19/2024 12:00:00 AM,$0.55,$0.56,$0.55,$0.55,33092
Biden,10/19/2024 12:00:00 AM,$0.01,$0.01,$0.01,$0.01,0
Harris,10/19/2024 12:00:00 AM,$0.48,$0.50,$0.48,$0.48,37540
Buttigieg,10/19/2024 12:00:00 AM,$0.01,$0.01,$0.01,$0.01,0
Newsom,10/19/2024 12:00:00 AM,$0.01,$0.02,$0.01,$0.01,2445
Ramaswamy,10/19/2024 12:00:00 AM,$0.01,$0.01,$0.01,$0.01,1
Scott,10/19/2024 12:00:00 AM,$0.01,$0.01,$0.01,$0.01,1
RFK Jr.,10/19/2024 12:00:00 AM,$0.01,$0.01,$0.01,$0.01,0
Haley,10/19/2024 12:00:00 AM,$0.01,$0.01,$0.01,$0.01,0
DeSantis,10/20/2024 12:00:00 AM,$0.01,$0.01,$0.01,$0.01,500
Trump,10/20/2024 12:00:00 AM,$0.55,$0.56,$0.55,$0.56,47327
Biden,10/20/2024 12:00:00 AM,$0.01,$0.01,$0.01,$0.01,21
Harris,10/20/2024 12:00:00 AM,$0.48,$0.49,$0.48,$0.49,38756
Buttigieg,10/20/2024 12:00:00 AM,$0.01,$0.01,$0.01,$0.01,0
Newsom,10/20/2024 12:00:00 AM,$0.01,$0.01,$0.01,$0.01,20
Ramaswamy,10/20/2024 12:00:00 AM,$0.01,$0.01,$0.01,$0.01,0
Scott,10/20/2024 12:00:00 AM,$0.01,$0.01,$0.01,$0.01,250
RFK Jr.,10/20/2024 12:00:00 AM,$0.01,$0.01,$0.01,$0.01,125
Haley,10/20/2024 12:00:00 AM,$0.01,$0.01,$0.01,$0.01,500
DeSantis,10/21/2024 12:00:00 AM,$0.01,$0.01,$0.01,$0.01,2846
Trump,10/21/2024 12:00:00 AM,$0.56,$0.59,$0.55,$0.58,100371
Biden,10/21/2024 12:00:00 AM,$0.01,$0.01,$0.01,$0.01,2517
Harris,10/21/2024 12:00:00 AM,$0.49,$0.49,$0.45,$0.45,66502
Buttigieg,10/21/2024 12:00:00 AM,$0.01,$0.01,$0.01,$0.01,858
Newsom,10/21/2024 12:00:00 AM,$0.01,$0.02,$0.01,$0.01,2449
Ramaswamy,10/21/2024 12:00:00 AM,$0.01,$0.01,$0.01,$0.01,967
Scott,10/21/2024 12:00:00 AM,$0.01,$0.01,$0.01,$0.01,1
RFK Jr.,10/21/2024 12:00:00 AM,$0.01,$0.01,$0.01,$0.01,1076
Haley,10/21/2024 12:00:00 AM,$0.01,$0.01,$0.01,$0.01,2
DeSantis,10/22/2024 12:00:00 AM,$0.01,$0.01,$0.01,$0.01,180
Trump,10/22/2024 12:00:00 AM,$0.58,$0.60,$0.57,$0.59,130830
Biden,10/22/2024 12:00:00 AM,$0.01,$0.01,$0.01,$0.01,2479
Harris,10/22/2024 12:00:00 AM,$0.45,$0.46,$0.44,$0.44,120581
Buttigieg,10/22/2024 12:00:00 AM,$0.01,$0.01,$0.01,$0.01,0
Newsom,10/22/2024 12:00:00 AM,$0.01,$0.01,$0.01,$0.01,247
Ramaswamy,10/22/2024 12:00:00 AM,$0.01,$0.01,$0.01,$0.01,0
Scott,10/22/2024 12:00:00 AM,$0.01,$0.01,$0.01,$0.01,0
RFK Jr.,10/22/2024 12:00:00 AM,$0.01,$0.01,$0.01,$0.01,868
Haley,10/22/2024 12:00:00 AM,$0.01,$0.01,$0.01,$0.01,0
